{
    "app_types": ["uniform", "markov", "queue"],
    "app_sub_types": {
        "uniform": ["u1"],
        "markov": ["m1", "m2", "m3", "m4", "m5", "m6", "m7"],
        "queue": ["q1", "q2", "q3", "q4"]
    },
    "state_normalization_factor_no_noise": {
        "uniform": {
            "u1": 0.04
        },
        "markov": {
            "m1": 0.08,
            "m2": 0.02,
            "m3": 0.09,
            "m4": 0.05,
            "m5": 0.06,
            "m6": 0.07,
            "m7": 0.01
        },
        "queue": {
            "q1": 0.05,
            "q2": 0.05,
            "q3": 0.05,
            "q4": 0.05
        }
    },
    "utility_normalization_factor": {
        "uniform": {
            "u1": 1
        },
        "markov": {
            "m1": 1,
            "m2": 1,
            "m3": 1,
            "m4": 1,
            "m5": 1,
            "m6": 1,
            "m7": 1
        },
        "queue": {
            "q1": 0.02,
            "q2": 0.02,
            "q3": 0.03,
            "q4": 0.045
        }
    },
    "a_lr_no_noise": {
        "uniform": {
            "u1": 0.0002
        },
        "markov": {
            "m1": 0.0001,
            "m2": 0.0001,
            "m3": 0.0001,
            "m4": 0.0002,
            "m5": 0.0002,
            "m6": 0.0002,
            "m7": 0.0002
        },
        "queue": {
            "q1": 0.001,
            "q2": 0.001,
            "q3": 0.001,
            "q4": 0.001
        }
    },
    "c_lr_no_noise": {
        "uniform": {
            "u1": 0.0003
        },
        "markov": {
            "m1": 0.000225,
            "m2": 0.00025,
            "m3": 0.000175,
            "m4": 0.00035,
            "m5": 0.0004,
            "m6": 0.00045,
            "m7": 0.0003
        },
        "queue": {
            "q1": 0.00225,
            "q2": 0.00225,
            "q3": 0.00225,
            "q4": 0.00225
        }
    },
    "sprinters_decay_factor_no_noise": {
        "uniform": {
            "u1": 0.9988
        },
        "markov": {
            "m1": 0.9996,
            "m2": 0.9995,
            "m3": 0.9992,
            "m4": 0.9984,
            "m5": 0.999,
            "m6": 0.9982,
            "m7": 0.999
        },
        "queue": {
            "q1": 0.994,
            "q2": 0.994,
            "q3": 0.994,
            "q4": 0.994
        }
    },
    "state_normalization_factor_noise": {
        "uniform": {
            "u1": 0.07
        },
        "markov": {
            "m1": 0.04,
            "m2": 0.08,
            "m3": 0.03,
            "m4": 0.04,
            "m5": 0.01,
            "m6": 0.08,
            "m7": 0.05
        },
        "queue": {
            "q1": 0.03,
            "q2": 0.03,
            "q3": 0.03,
            "q4": 0.03
        }
    },
    "a_lr_noise": {
        "uniform": {
            "u1": 0.0002
        },
        "markov": {
            "m1": 0.0001,
            "m2": 0.0001,
            "m3": 0.0001,
            "m4": 0.0002,
            "m5": 0.0002,
            "m6": 0.0002,
            "m7": 0.0002
        },
        "queue": {
            "q1": 0.001,
            "q2": 0.001,
            "q3": 0.001,
            "q4": 0.001
        }
    },
    "c_lr_noise": {
        "uniform": {
            "u1": 0.0003
        },
        "markov": {
            "m1": 0.00015,
            "m2": 0.0002,
            "m3": 0.00015,
            "m4": 0.0003,
            "m5": 0.0003,
            "m6": 0.0005,
            "m7": 0.0004
        },
        "queue": {
            "q1": 0.0025,
            "q2": 0.0025,
            "q3": 0.0025,
            "q4": 0.0025
        }
    },
    "sprinters_decay_factor_noise": {
        "uniform": {
            "u1": 0.9982
        },
        "markov": {
            "m1": 0.9992,
            "m2": 0.9997,
            "m3": 0.9997,
            "m4": 0.9994,
            "m5": 0.9992,
            "m6": 0.9986,
            "m7": 0.9982
        },
        "queue": {
            "q1": 0.993,
            "q2": 0.993,
            "q3": 0.993,
            "q4": 0.993
        }
    },
    "threshold": {
        "uniform": {
            "u1": 0.5
        },
        "markov": {
            "m1": 0.3,
            "m2": 0.2,
            "m3": 0.2,
            "m4": 0.6,
            "m5": 0.4,
            "m6": 0.4,
            "m7": 0.6
        },
        "queue": {
            "q1": 1,
            "q2": 5,
            "q3": 3,
            "q4": 2
        }
    },
    "dp_threshold": {
        "uniform": {
            "u1": 0.5
        },
        "markov": {
            "m1": 0.1,
            "m2": 0.1,
            "m3": 0.1,
            "m4": 0.5,
            "m5": 0.3,
            "m6": 0.3,
            "m7": 0.6
        },
        "queue": {
            "q1": 6,
            "q2": 4,
            "q3": 2,
            "q4": 2
        }
    },
    "dp_error": {
        "uniform": {
            "u1": 0.01
        },
        "markov": {
            "m1": 0.001,
            "m2": 0.001,
            "m3": 0.001,
            "m4": 0.001,
            "m5": 0.001,
            "m6": 0.001,
            "m7": 0.001
        },
        "queue": {
            "q1": 1e-05,
            "q2": 0.001,
            "q3": 0.1,
            "q4": 0.1
        }
    },
    "std_max": {
        "uniform": {
            "u1": 0.01
        },
        "markov": {
            "m1": 0.01,
            "m2": 0.01,
            "m3": 0.01,
            "m4": 0.01,
            "m5": 0.01,
            "m6": 0.01,
            "m7": 0.01
        },
        "queue": {
            "q1": 1,
            "q2": 1,
            "q3": 1,
            "q4": 1
        }
    },
    "app_utilities": [0.1, 0.2, 0.3, 0.4, 0.5, 0.6, 0.7, 0.8, 0.9, 1.0],
    "markov_app_transition_matrices": {
        "m1": [
            [0.5, 0.5, 0.0, 0.0, 0.0, 0.0, 0.0, 0.0, 0.0, 0.0],
            [0.5, 0.0, 0.5, 0.0, 0.0, 0.0, 0.0, 0.0, 0.0, 0.0],
            [0.0, 0.5, 0.0, 0.5, 0.0, 0.0, 0.0, 0.0, 0.0, 0.0],
            [0.0, 0.0, 0.5, 0.0, 0.5, 0.0, 0.0, 0.0, 0.0, 0.0],
            [0.0, 0.0, 0.0, 0.5, 0.0, 0.5, 0.0, 0.0, 0.0, 0.0],
            [0.0, 0.0, 0.0, 0.0, 0.5, 0.0, 0.5, 0.0, 0.0, 0.0],
            [0.0, 0.0, 0.0, 0.0, 0.0, 0.5, 0.0, 0.5, 0.0, 0.0],
            [0.0, 0.0, 0.0, 0.0, 0.0, 0.0, 0.5, 0.0, 0.5, 0.0],
            [0.0, 0.0, 0.0, 0.0, 0.0, 0.0, 0.0, 0.5, 0.0, 0.5],
            [0.0, 0.0, 0.0, 0.0, 0.0, 0.0, 0.0, 0.0, 0.5, 0.5]
        ],
        "m2": [
            [0.4, 0.6, 0.0, 0.0, 0.0, 0.0, 0.0, 0.0, 0.0, 0.0],
            [0.4, 0.0, 0.6, 0.0, 0.0, 0.0, 0.0, 0.0, 0.0, 0.0],
            [0.0, 0.4, 0.0, 0.6, 0.0, 0.0, 0.0, 0.0, 0.0, 0.0],
            [0.0, 0.0, 0.4, 0.0, 0.6, 0.0, 0.0, 0.0, 0.0, 0.0],
            [0.0, 0.0, 0.0, 0.4, 0.0, 0.6, 0.0, 0.0, 0.0, 0.0],
            [0.0, 0.0, 0.0, 0.0, 0.4, 0.0, 0.6, 0.0, 0.0, 0.0],
            [0.0, 0.0, 0.0, 0.0, 0.0, 0.4, 0.0, 0.6, 0.0, 0.0],
            [0.0, 0.0, 0.0, 0.0, 0.0, 0.0, 0.4, 0.0, 0.6, 0.0],
            [0.0, 0.0, 0.0, 0.0, 0.0, 0.0, 0.0, 0.4, 0.0, 0.6],
            [0.0, 0.0, 0.0, 0.0, 0.0, 0.0, 0.0, 0.0, 0.4, 0.6]
        ],
        "m3": [
            [0.6, 0.4, 0.0, 0.0, 0.0, 0.0, 0.0, 0.0, 0.0, 0.0],
            [0.6, 0.0, 0.4, 0.0, 0.0, 0.0, 0.0, 0.0, 0.0, 0.0],
            [0.0, 0.6, 0.0, 0.4, 0.0, 0.0, 0.0, 0.0, 0.0, 0.0],
            [0.0, 0.0, 0.6, 0.0, 0.4, 0.0, 0.0, 0.0, 0.0, 0.0],
            [0.0, 0.0, 0.0, 0.6, 0.0, 0.4, 0.0, 0.0, 0.0, 0.0],
            [0.0, 0.0, 0.0, 0.0, 0.6, 0.0, 0.4, 0.0, 0.0, 0.0],
            [0.0, 0.0, 0.0, 0.0, 0.0, 0.6, 0.0, 0.4, 0.0, 0.0],
            [0.0, 0.0, 0.0, 0.0, 0.0, 0.0, 0.6, 0.0, 0.4, 0.0],
            [0.0, 0.0, 0.0, 0.0, 0.0, 0.0, 0.0, 0.6, 0.0, 0.4],
            [0.0, 0.0, 0.0, 0.0, 0.0, 0.0, 0.0, 0.0, 0.6, 0.4]
        ],