{
    "app_types": ["uniform", "markov", "queue"],
    "app_sub_types": {
        "uniform": ["u1"],
        "markov": ["m1", "m2", "m3", "m4", "m5", "m6", "m7"],
        "queue": ["q1", "q2", "q3", "q4"]
    },
    "state_normalization_factor_no_noise": {
        "uniform": {
            "u1": 0.09
        },
        "markov": {
            "m1": 0.1,
            "m2": 0.1,
            "m3": 0.1,
            "m4": 0.04,
            "m5": 0.03,
            "m6": 0.08,
            "m7": 0.1
        },
        "queue": {
            "q1": 0.05,
            "q2": 0.05,
            "q3": 0.01,
            "q4": 0.05
        }
    },
    "utility_normalization_factor_no_noise": {
        "uniform": {
            "u1": 1
        },
        "markov": {
            "m1": 1,
            "m2": 1,
            "m3": 1,
            "m4": 1,
            "m5": 1,
            "m6": 1,
            "m7": 1
        },
        "queue": {
            "q1": 0.2,
            "q2": 0.2,
            "q3": 0.3,
            "q4": 0.45
        }
    },
    "a_lr_no_noise": {
        "uniform": {
            "u1": 0.0005
        },
        "markov": {
            "m1": 0.0005,
            "m2": 0.0006,
            "m3": 0.0003,
            "m4": 0.0006,
            "m5": 0.0005,
            "m6": 0.0004,
            "m7": 0.0006
        },
        "queue": {
            "q1": 0.001,
            "q2": 0.001,
            "q3": 0.001,
            "q4": 0.001
        }
    },
    "c_lr_no_noise": {
        "uniform": {
            "u1": 0.000875
        },
        "markov": {
            "m1": 0.001,
            "m2": 0.0012,
            "m3": 0.0006,
            "m4": 0.00075,
            "m5": 0.00125,
            "m6": 0.0005,
            "m7": 0.0012
        },
        "queue": {
            "q1": 0.00225,
            "q2": 0.00225,
            "q3": 0.002,
            "q4": 0.002
        }
    },
    "sprinters_decay_factor_no_noise": {
        "uniform": {
            "u1": 0.9935
        },
        "markov": {
            "m1": 0.9885,
            "m2": 0.9982,
            "m3": 0.9985,
            "m4": 0.997,
            "m5": 0.997,
            "m6": 0.9984,
            "m7": 0.982
        },
        "queue": {
            "q1": 0.994,
            "q2": 0.994,
            "q3": 0.998,
            "q4": 0.994
        }
    },
    "threshold_no_noise": {
        "uniform": {
            "u1": 0.7
        },
        "markov": {
            "m1": 0.6,
            "m2": 0.8,
            "m3": 0.3,
            "m4": 0.7,
            "m5": 0.6,
            "m6": 0.5,
            "m7": 0.9
        },
        "queue": {
            "q1": 4,
            "q2": 5,
            "q3": 2,
            "q4": 2
        }
    },
    "state_normalization_factor_noise": {
        "uniform": {
            "u1": 0.03
        },
        "markov": {
            "m1": 0.09,
            "m2": 0.09,
            "m3": 0.01,
            "m4": 0.04,
            "m5": 0.08,
            "m6": 0.03,
            "m7": 0.08
        },
        "queue": {
            "q1": 0.04,
            "q2": 0.03,
            "q3": 0.04,
            "q4": 0.03
        }
    },
    "utility_normalization_factor_noise": {
        "uniform": {
            "u1": 1
        },
        "markov": {
            "m1": 1,
            "m2": 1,
            "m3": 1,
            "m4": 1,
            "m5": 1,
            "m6": 1,
            "m7": 1
        },
        "queue": {
            "q1": 0.2,
            "q2": 0.2,
            "q3": 0.3,
            "q4": 0.45
        }
    },
    "a_lr_noise": {
        "uniform": {
            "u1": 0.0009
        },
        "markov": {
            "m1": 0.0009,
            "m2": 0.0008,
            "m3": 0.0009,
            "m4": 0.0009,
            "m5": 0.0009,
            "m6": 0.0009,
            "m7": 0.0008
        },
        "queue": {
            "q1": 0.001,
            "q2": 0.001,
            "q3": 0.001,
            "q4": 0.001
        }
    },
    "c_lr_noise": {
        "uniform": {
            "u1": 0.002025
        },
        "markov": {
            "m1": 0.002025,
            "m2": 0.002,
            "m3": 0.002025,
            "m4": 0.002025,
            "m5": 0.002025,
            "m6": 0.002025,
            "m7": 0.0014
        },
        "queue": {
            "q1": 0.0025,
            "q2": 0.0025,
            "q3": 0.0025,
            "q4": 0.0025
        }
    },
    "sprinters_decay_factor_noise": {
        "uniform": {
            "u1": 0.9937
        },
        "markov": {
            "m1": 0.9829,
            "m2": 0.9856,
            "m3": 0.9739,
            "m4": 0.9883,
            "m5": 0.9982,
            "m6": 0.9757,
            "m7": 0.9856
        },
        "queue": {
            "q1": 0.995,
            "q2": 0.993,
            "q3": 0.993,
            "q4": 0.998
        }
    },
    "threshold_noise": {
        "uniform": {
            "u1": 0.8
        },
        "markov": {
            "m1": 0.6,
            "m2": 0.9,
            "m3": 0.4,
            "m4": 0.8,
            "m5": 0.7,
            "m6": 0.6,
            "m7": 0.9
        },
        "queue": {
            "q1": 4,
            "q2": 3,
            "q3": 2,
            "q4": 2
        }
    },
    "dp_threshold": {
        "uniform": {
            "u1": 0.5
        },
        "markov": {
            "m1": 0.1,
            "m2": 0.1,
            "m3": 0.1,
            "m4": 0.5,
            "m5": 0.3,
            "m6": 0.3,
            "m7": 0.6
        },
        "queue": {
            "q1": 4,
            "q2": 4,
            "q3": 3,
            "q4": 2
        }
    },
    "dp_error": {
        "uniform": {
            "u1": 0.01
        },
        "markov": {
            "m1": 0.01,
            "m2": 0.01,
            "m3": 0.01,
            "m4": 0.01,
            "m5": 0.01,
            "m6": 0.01,
            "m7": 0.01
        },
        "queue": {
            "q1": 0.005,
            "q2": 0.005,
            "q3": 0.005,
            "q4": 0.005
        }
    },
    "std_max": {
        "uniform": {
            "u1": 0.01
        },
        "markov": {
            "m1": 0.01,
            "m2": 0.01,
            "m3": 0.01,
            "m4": 0.01,
            "m5": 0.01,
            "m6": 0.01,
            "m7": 0.01
        },
        "queue": {
            "q1": 1,
            "q2": 1,
            "q3": 1,
            "q4": 1
        }
    },
    "app_utilities": [0.1, 0.2, 0.3, 0.4, 0.5, 0.6, 0.7, 0.8, 0.9, 1.0],
    "markov_app_transition_matrices": {
        "m1": [
            [0.5, 0.5, 0.0, 0.0, 0.0, 0.0, 0.0, 0.0, 0.0, 0.0],
            [0.5, 0.0, 0.5, 0.0, 0.0, 0.0, 0.0, 0.0, 0.0, 0.0],
            [0.0, 0.5, 0.0, 0.5, 0.0, 0.0, 0.0, 0.0, 0.0, 0.0],
            [0.0, 0.0, 0.5, 0.0, 0.5, 0.0, 0.0, 0.0, 0.0, 0.0],
            [0.0, 0.0, 0.0, 0.5, 0.0, 0.5, 0.0, 0.0, 0.0, 0.0],
            [0.0, 0.0, 0.0, 0.0, 0.5, 0.0, 0.5, 0.0, 0.0, 0.0],
            [0.0, 0.0, 0.0, 0.0, 0.0, 0.5, 0.0, 0.5, 0.0, 0.0],
            [0.0, 0.0, 0.0, 0.0, 0.0, 0.0, 0.5, 0.0, 0.5, 0.0],
            [0.0, 0.0, 0.0, 0.0, 0.0, 0.0, 0.0, 0.5, 0.0, 0.5],
            [0.0, 0.0, 0.0, 0.0, 0.0, 0.0, 0.0, 0.0, 0.5, 0.5]
        ],
        "m2": [
            [0.4, 0.6, 0.0, 0.0, 0.0, 0.0, 0.0, 0.0, 0.0, 0.0],
            [0.4, 0.0, 0.6, 0.0, 0.0, 0.0, 0.0, 0.0, 0.0, 0.0],
            [0.0, 0.4, 0.0, 0.6, 0.0, 0.0, 0.0, 0.0, 0.0, 0.0],
            [0.0, 0.0, 0.4, 0.0, 0.6, 0.0, 0.0, 0.0, 0.0, 0.0],
            [0.0, 0.0, 0.0, 0.4, 0.0, 0.6, 0.0, 0.0, 0.0, 0.0],
            [0.0, 0.0, 0.0, 0.0, 0.4, 0.0, 0.6, 0.0, 0.0, 0.0],
            [0.0, 0.0, 0.0, 0.0, 0.0, 0.4, 0.0, 0.6, 0.0, 0.0],
            [0.0, 0.0, 0.0, 0.0, 0.0, 0.0, 0.4, 0.0, 0.6, 0.0],
            [0.0, 0.0, 0.0, 0.0, 0.0, 0.0, 0.0, 0.4, 0.0, 0.6],
            [0.0, 0.0, 0.0, 0.0, 0.0, 0.0, 0.0, 0.0, 0.4, 0.6]
        ],