{
    "app_types": ["uniform", "markov", "queue"],
    "app_sub_types": {
        "uniform": ["u1"],
        "markov": ["m1", "m2", "m3"],
        "queue": ["q1", "q2", "q3"]
    },
    "normalization_factor": {
        "uniform": {
            "u1": 0.009
        },
        "markov": {
            "m1": 0.01,
            "m2": 0.1,
            "m3": 0.1
        },
        "queue": {
            "q1": 0.05,
            "q2": 0.01,
            "q3": 0.05
        }
    },
    "a_lr": {
        "uniform": {
            "u1": 0.0009
        },
        "markov": {
            "m1": 0.0008,
            "m2": 0.001,
            "m3": 0.0006
        },
        "queue": {
            "q1": 0.0001,
            "q2": 0.0001,
            "q3": 0.0001
        }
    },
    "c_lr": {
        "uniform": {
            "u1": 0.0018
        },
        "markov": {
            "m1": 0.0016,
            "m2": 0.002,
            "m3": 0.0009
        },
        "queue": {
            "q1": 0.000225,
            "q2": 0.000225,
            "q3": 0.0002
        }
    },
    "sprinters_decay_factor": {
        "uniform": {
            "u1": 0.9928
        },
        "markov": {
            "m1": 0.9984,
            "m2": 0.992,
            "m3": 0.9952
        },
        "queue": {
            "q1": 0.9998,
            "q2": 0.9998,
            "q3": 0.999
        }
    },
    "threshold": {
        "uniform": {
            "u1": 0.9
        },
        "markov": {
            "m1": 0.7,
            "m2": 0.9,
            "m3": 0.3
        },
        "queue": {
            "q1": 0.2,
            "q2": 0.2,
            "q3": 0.2
        }
    },
    "app_states": ["0.1", "0.2", "0.3", "0.4", "0.5", "0.6", "0.7", "0.8", "0.9", "1.0"],
    "app_utilities": [0.1, 0.2, 0.3, 0.4, 0.5, 0.6, 0.7, 0.8, 0.9, 1.0],
    "markov_app_transition_matrices": {
        "m1": [
            [0.5, 0.5, 0.0, 0.0, 0.0, 0.0, 0.0, 0.0, 0.0, 0.0],
            [0.5, 0.0, 0.5, 0.0, 0.0, 0.0, 0.0, 0.0, 0.0, 0.0],
            [0.0, 0.5, 0.0, 0.5, 0.0, 0.0, 0.0, 0.0, 0.0, 0.0],
            [0.0, 0.0, 0.5, 0.0, 0.5, 0.0, 0.0, 0.0, 0.0, 0.0],
            [0.0, 0.0, 0.0, 0.5, 0.0, 0.5, 0.0, 0.0, 0.0, 0.0],
            [0.0, 0.0, 0.0, 0.0, 0.5, 0.0, 0.5, 0.0, 0.0, 0.0],
            [0.0, 0.0, 0.0, 0.0, 0.0, 0.5, 0.0, 0.5, 0.0, 0.0],
            [0.0, 0.0, 0.0, 0.0, 0.0, 0.0, 0.5, 0.0, 0.5, 0.0],
            [0.0, 0.0, 0.0, 0.0, 0.0, 0.0, 0.0, 0.5, 0.0, 0.5],
            [0.0, 0.0, 0.0, 0.0, 0.0, 0.0, 0.0, 0.0, 0.5, 0.5]
        ],
        "m2": [
            [0.4, 0.6, 0.0, 0.0, 0.0, 0.0, 0.0, 0.0, 0.0, 0.0],
            [0.4, 0.0, 0.6, 0.0, 0.0, 0.0, 0.0, 0.0, 0.0, 0.0],
            [0.0, 0.4, 0.0, 0.6, 0.0, 0.0, 0.0, 0.0, 0.0, 0.0],
            [0.0, 0.0, 0.4, 0.0, 0.6, 0.0, 0.0, 0.0, 0.0, 0.0],
            [0.0, 0.0, 0.0, 0.4, 0.0, 0.6, 0.0, 0.0, 0.0, 0.0],
            [0.0, 0.0, 0.0, 0.0, 0.4, 0.0, 0.6, 0.0, 0.0, 0.0],
            [0.0, 0.0, 0.0, 0.0, 0.0, 0.4, 0.0, 0.6, 0.0, 0.0],
            [0.0, 0.0, 0.0, 0.0, 0.0, 0.0, 0.4, 0.0, 0.6, 0.0],
            [0.0, 0.0, 0.0, 0.0, 0.0, 0.0, 0.0, 0.4, 0.0, 0.6],
            [0.0, 0.0, 0.0, 0.0, 0.0, 0.0, 0.0, 0.0, 0.4, 0.6]
        ],
        "m3": [
            [0.6, 0.4, 0.0, 0.0, 0.0, 0.0, 0.0, 0.0, 0.0, 0.0],
            [0.6, 0.0, 0.4, 0.0, 0.0, 0.0, 0.0, 0.0, 0.0, 0.0],
            [0.0, 0.6, 0.0, 0.4, 0.0, 0.0, 0.0, 0.0, 0.0, 0.0],
            [0.0, 0.0, 0.6, 0.0, 0.4, 0.0, 0.0, 0.0, 0.0, 0.0],
            [0.0, 0.0, 0.0, 0.6, 0.0, 0.4, 0.0, 0.0, 0.0, 0.0],
            [0.0, 0.0, 0.0, 0.0, 0.6, 0.0, 0.4, 0.0, 0.0, 0.0],
            [0.0, 0.0, 0.0, 0.0, 0.0, 0.6, 0.0, 0.4, 0.0, 0.0],
            [0.0, 0.0, 0.0, 0.0, 0.0, 0.0, 0.6, 0.0, 0.4, 0.0],
            [0.0, 0.0, 0.0, 0.0, 0.0, 0.0, 0.0, 0.6, 0.0, 0.4],
            [0.0, 0.0, 0.0, 0.0, 0.0, 0.0, 0.0, 0.0, 0.6, 0.4]
        ]
    },
    "queue_app_arrival_tps": {
        "q1": 40,
        "q2": 43,
        "q3": 24
    },
    "queue_app_sprinting_tps": {
        "q1": 86,
        "q2": 112,
        "q3": 75
    },
    "queue_app_nominal_tps": {
        "q1": 41,
        "q2": 44,
        "q3": 25
    },
    "queue_app_max_queue_length": {
        "q1": 50,
        "q2": 50,
        "q3": 30
    },
    "policy_types": ["ac_policy", "thr_policy"],
    "ac_policy_config": {
        "a_h1_size": 256,
        "c_h1_size": 256,
        "discount_factor": 0.9999
    },
    "folder_name": "/Users/jingyiwu/Documents/Project/data",
    "num_workers": 10,
    "num_servers": 1000,
    "servers_config": {
        "cooling_prob": 0.5
    },
    "coordinator_config": {
        "global_cost": 1,
        "local_cost": 1,
        "total_iterations": 5000,
        "min_frac": 0.25,
        "max_frac": 0.75,
        "add_noise": 1,
        "c_epsilon": 1.5,
        "c_delta": 100
    }
}